{"km_0": {"0": [0.0, 0.18188575324187817, 0.12845645818639836, 0.0882745857745527], "1": [0.18188575324187817, 0.0, 0.10446049994459465, 0.22703523691994398], "2": [0.12845645818639836, 0.10446049994459465, 0.0, 0.1575678264715681], "3": [0.0882745857745527, 0.22703523691994398, 0.1575678264715681, 0.0]}, "km_1": {"0": [0.0, 0.08616655552294805, 0.16382584886429316, 0.11548295398445775], "1": [0.08616655552294805, 0.0, 0.13357930424545975, 0.11810607452412976], "2": [0.16382584886429316, 0.13357930424545975, 0.0, 0.10200652768531938], "3": [0.11548295398445775, 0.11810607452412976, 0.10200652768531938, 0.0]}, "km_2": {"0": [0.0, 0.13612336330288918, 0.08036371732673957, 0.19648689773150713], "1": [0.13612336330288918, 0.0, 0.13540456449905655, 0.07990715295889653], "2": [0.08036371732673957, 0.13540456449905655, 0.0, 0.1745253697139114], "3": [0.19648689773150713, 0.07990715295889653, 0.1745253697139114, 0.0]}, "km_3": {"0": [0.0, 0.1279410243192016, 0.12457150057471822, 0.09201790757888004], "1": [0.1279410243192016, 0.0, 0.09378585913178342, 0.09781908490793433], "2": [0.12457150057471822, 0.09378585913178342, 0.0, 0.13304298052908795], "3": [0.09201790757888004, 0.09781908490793433, 0.13304298052908795, 0.0]}, "km_4": {"0": [0.0, 0.12228228819308526, 0.10383174470751243, 0.16010270304395577], "1": [0.12228228819308526, 0.0, 0.1207947277024, 0.09743526547122844], "2": [0.10383174470751243, 0.1207947277024, 0.0, 0.11377621805956378], "3": [0.16010270304395577, 0.09743526547122844, 0.11377621805956378, 0.0]}, "km_5": {"0": [0.0, 0.13354649016166373, 0.09716220639391603, 0.13931372494853844], "1": [0.13354649016166373, 0.0, 0.15833625832840617, 0.08929982682173422], "2": [0.09716220639391603, 0.15833625832840617, 0.0, 0.12950042938574044], "3": [0.13931372494853844, 0.08929982682173422, 0.12950042938574044, 0.0]}, "km_6": {"0": [0.0, 0.10149747390954768, 0.1153593982485, 0.1902374368063059], "1": [0.10149747390954768, 0.0, 0.12051142441874758, 0.13284437675836855], "2": [0.1153593982485, 0.12051142441874758, 0.0, 0.10751145870980452], "3": [0.1902374368063059, 0.13284437675836855, 0.10751145870980452, 0.0]}, "km_7": {"0": [0.0, 0.10117972129982461, 0.10837576428305289, 0.09114235094924975], "1": [0.10117972129982461, 0.0, 0.1382471490686219, 0.08619526874470572], "2": [0.10837576428305289, 0.1382471490686219, 0.0, 0.11808238107510222], "3": [0.09114235094924975, 0.08619526874470572, 0.11808238107510222, 0.0]}}